{
  "best_epoch": 0,
  "peak_worker_0_memory_MB": 3785.8125,
  "peak_gpu_0_memory_MB": 5001.279296875,
  "training_duration": "0:38:59.715534",
  "training_start_epoch": 0,
  "training_epochs": 4,
  "epoch": 4,
  "training_accuracy": 0.9963302752293578,
  "training_loss": 0.03018709821534995,
  "training_worker_0_memory_MB": 3785.8125,
  "training_gpu_0_memory_MB": 5001.279296875,
  "validation_accuracy": 0.64,
  "validation_loss": 1.3071735347737559,
  "best_validation_accuracy": 0.66,
  "best_validation_loss": 0.6353080201148987
}