{
  "best_epoch": 0,
  "peak_worker_0_memory_MB": 3785.76171875,
  "peak_gpu_0_memory_MB": 5001.279296875,
  "training_duration": "0:31:19.092635",
  "training_start_epoch": 0,
  "training_epochs": 3,
  "epoch": 3,
  "training_accuracy": 0.9688073394495413,
  "training_loss": 0.09883608322248592,
  "training_worker_0_memory_MB": 3785.76171875,
  "training_gpu_0_memory_MB": 5001.279296875,
  "validation_accuracy": 0.67,
  "validation_loss": 0.9268734867870808,
  "best_validation_accuracy": 0.66,
  "best_validation_loss": 0.6353080201148987
}