{
  "best_epoch": 0,
  "peak_worker_0_memory_MB": 3785.7421875,
  "peak_gpu_0_memory_MB": 5001.279296875,
  "training_duration": "0:23:28.922437",
  "training_start_epoch": 0,
  "training_epochs": 2,
  "epoch": 2,
  "training_accuracy": 0.9321100917431193,
  "training_loss": 0.19859955300774848,
  "training_worker_0_memory_MB": 3785.7421875,
  "training_gpu_0_memory_MB": 5001.279296875,
  "validation_accuracy": 0.65,
  "validation_loss": 0.8748525388538837,
  "best_validation_accuracy": 0.66,
  "best_validation_loss": 0.6353080201148987
}