{
  "best_epoch": 1,
  "peak_worker_0_memory_MB": 2963.35546875,
  "peak_gpu_0_memory_MB": 8.62939453125,
  "training_duration": "0:00:00.671464",
  "training_start_epoch": 0,
  "training_epochs": 2,
  "epoch": 2,
  "training_accuracy": 0.9963302752293578,
  "training_loss": 0.07640475564150383,
  "training_worker_0_memory_MB": 2963.35546875,
  "training_gpu_0_memory_MB": 8.62939453125,
  "validation_accuracy": 0.69,
  "validation_loss": 0.7496370134445337,
  "best_validation_accuracy": 0.72,
  "best_validation_loss": 0.5840673824915519
}