{
  "best_epoch": 1,
  "peak_worker_0_memory_MB": 2962.875,
  "peak_gpu_0_memory_MB": 8.62939453125,
  "training_duration": "0:00:00.502836",
  "training_start_epoch": 0,
  "training_epochs": 1,
  "epoch": 1,
  "training_accuracy": 0.9724770642201835,
  "training_loss": 0.18265315220839734,
  "training_worker_0_memory_MB": 2962.875,
  "training_gpu_0_memory_MB": 8.62939453125,
  "validation_accuracy": 0.72,
  "validation_loss": 0.5840673824915519,
  "best_validation_accuracy": 0.72,
  "best_validation_loss": 0.5840673824915519
}