{
  "best_epoch": 0,
  "peak_worker_0_memory_MB": 3689.64453125,
  "peak_gpu_0_memory_MB": 5001.279296875,
  "training_duration": "0:15:40.557725",
  "training_start_epoch": 0,
  "training_epochs": 1,
  "epoch": 1,
  "training_accuracy": 0.8550458715596331,
  "training_loss": 0.35236599125588935,
  "training_worker_0_memory_MB": 3689.64453125,
  "training_gpu_0_memory_MB": 5001.279296875,
  "validation_accuracy": 0.67,
  "validation_loss": 0.6596638903021812,
  "best_validation_accuracy": 0.66,
  "best_validation_loss": 0.6353080201148987
}