{
  "best_epoch": 1,
  "peak_worker_0_memory_MB": 2963.61328125,
  "peak_gpu_0_memory_MB": 8.62939453125,
  "training_duration": "0:00:00.993910",
  "training_start_epoch": 0,
  "training_epochs": 4,
  "epoch": 4,
  "training_accuracy": 1.0,
  "training_loss": 0.023184478924056326,
  "training_worker_0_memory_MB": 2963.61328125,
  "training_gpu_0_memory_MB": 8.62939453125,
  "validation_accuracy": 0.68,
  "validation_loss": 0.9423185930802271,
  "best_validation_accuracy": 0.72,
  "best_validation_loss": 0.5840673824915519
}